AAPL,dt_date,Mkt-RF,SMB,HML,RF,Mom,_merge,AAPL_FF_merge_indicator,AAPL_RF
-0.17216312453381077,1981-01,-5.06,2.91,6.74,1.04,-7.82,both,both,-18.256312453381078
-0.06194274089733731,1981-02,0.61,-0.47,0.97,1.07,-1.35,both,both,-7.264274089733732
-0.07547502922107607,1981-03,3.67,3.34,0.61,1.21,0.82,both,both,-8.757502922107609
0.15816245316768263,1981-04,-2.16,4.5,2.28,1.08,-1.08,both,both,14.736245316768263
0.1673985072726949,1981-05,0.13,1.94,-0.43,1.15,3.56,both,both,15.589850727269491
-0.21509515089619824,1981-06,-2.34,-0.83,5.14,1.35,-5.67,both,both,-22.859515089619826
-0.03845919920605989,1981-07,-1.55,-2.07,-0.61,1.24,-2.44,both,both,-5.085919920605989
-0.19499627023560773,1981-08,-7.02,-1.95,4.71,1.28,-1.1,both,both,-20.779627023560774
-0.24224257036434604,1981-09,-7.19,-2.68,5.11,1.24,2.13,both,both,-25.464257036434603
0.3114875272474844,1981-10,4.92,2.13,-4.09,1.21,3.83,both,both,29.93875272474844
-0.06875708324354313,1981-11,3.4,-1.09,1.91,1.07,-0.21,both,both,-7.945708324354313
0.18792002583891576,1981-12,-3.63,1.18,0.79,0.87,1.28,both,both,17.922002583891576
-0.07909170976559088,1982-01,-3.23,-1.25,3.19,0.8,1.77,both,both,-8.709170976559088
-0.1042975842895213,1982-02,-5.86,0.46,6.09,0.92,4.87,both,both,-11.34975842895213
-0.07533830237195605,1982-03,-1.82,-0.19,3.76,0.98,2.9,both,both,-8.513830237195604
-0.12593070875688117,1982-04,3.24,1.64,-3.08,1.13,-0.46,both,both,-13.723070875688116
-0.050844656779416963,1982-05,-3.93,0.17,1.78,1.06,2.51,both,both,-6.144465677941696
-0.08927951999834238,1982-06,-3.08,-0.43,1.56,0.96,4.89,both,both,-9.88795199983424
0.05881877469703234,1982-07,-3.2,0.91,0.07,1.05,4.4,both,both,4.831877469703234
0.33332784008974015,1982-08,11.23,-4.28,1.09,0.76,-3.6,both,both,32.57278400897402
0.013888713858347446,1982-09,1.31,2.87,0.23,0.51,4.14,both,both,0.8788713858347446
0.39041046856484507,1982-10,11.3,2.38,-3.62,0.59,0.01,both,both,38.4510468564845
0.2561600431021218,1982-11,4.68,4.63,-1.8,0.63,5.92,both,both,24.986004310212184
-0.0627414828869447,1982-12,0.56,-0.31,-0.06,0.67,-0.02,both,both,-6.944148288694469
0.36819864472274766,1983-01,3.59,2.82,-0.72,0.69,-1.63,both,both,36.12986447227477
0.11620600950342852,1983-02,2.59,3.18,0.66,0.62,3.69,both,both,11.000600950342852
-0.07397289193287315,1983-03,2.81,1.75,2.06,0.63,0.88,both,both,-8.027289193287316
0.19526479065021807,1983-04,6.66,0.46,0.43,0.71,1.63,both,both,18.816479065021806
0.143568413402811,1983-05,0.51,6.2,-1.4,0.69,-1.55,both,both,13.6668413402811
-0.1536815172615712,1983-06,3.07,0.93,-3.89,0.67,1.83,both,both,-16.03815172615712
-0.2864444859376657,1983-07,-4.06,1.5,5.54,0.74,-3.08,both,both,-29.384448593766567
0.06810249246496669,1983-08,-0.5,-4.29,5.59,0.76,-5.38,both,both,6.050249246496669
-0.37919411292415417,1983-09,0.92,0.61,0.99,0.76,-0.01,both,both,-38.679411292415416
-0.021629723921178345,1983-10,-3.43,-3.55,4.96,0.76,-4.46,both,both,-2.9229723921178348
-0.09944183605454882,1983-11,2.17,2.02,-0.73,0.7,-0.14,both,both,-10.64418360545488
0.19631771738685955,1983-12,-1.77,-0.25,1.75,0.73,0.81,both,both,18.901771738685955
0.015383984874531187,1984-01,-1.92,-0.35,7.48,0.76,-2.57,both,both,0.7783984874531187
0.060611105216385575,1984-02,-4.77,-1.68,3.41,0.71,0.45,both,both,5.3511105216385575
-0.05714734167715485,1984-03,0.65,0.1,0.53,0.73,1.09,both,both,-6.444734167715485
0.2676773320464423,1984-04,-0.51,-1.16,1.19,0.81,2.14,both,both,25.95773320464423
-0.06374777158197309,1984-05,-5.98,0.07,0.26,0.78,1.54,both,both,-7.15477715819731
-0.0978666293426732,1984-06,1.81,-0.24,-2.75,0.75,-0.53,both,both,-10.536662934267321
-0.03774167111879456,1984-07,-2.72,-2.2,0.39,0.82,2.77,both,both,-4.5941671118794565
0.039221973960647194,1984-08,10.27,-0.27,-1.74,0.83,-5.62,both,both,3.0921973960647193
-0.05189149521618819,1984-09,-0.8,0.15,5.25,0.86,3.66,both,both,-6.049149521618819
-0.00994968469486357,1984-10,-0.84,-1.11,0.59,1.0,3.28,both,both,-1.994968469486357
-0.005024574847207863,1984-11,-1.77,-0.72,3.87,0.73,1.56,both,both,-1.2324574847207863
0.17676521276884505,1984-12,1.84,-0.66,-0.29,0.64,1.38,both,both,17.036521276884503
-0.004291606362055944,1985-01,7.97,3.27,-5.21,0.65,-6.82,both,both,-1.0791606362055943
-0.1465501420906673,1985-02,1.22,0.71,-0.24,0.58,1.91,both,both,-15.23501420906673
-0.10606328726164693,1985-03,-0.83,-1.07,4.01,0.62,1.78,both,both,-11.226328726164693
-0.039545854882795495,1985-04,-0.96,0.09,3.6,0.72,2.95,both,both,-4.67458548827955
-0.18235156697776855,1985-05,5.07,-2.3,-0.98,0.66,4.05,both,both,-18.895156697776855
0.035968607590106005,1985-06,1.27,0.48,0.38,0.55,3.37,both,both,3.0468607590106007
-0.11804813022143035,1985-07,-0.72,2.83,-1.62,0.62,-3.69,both,both,-12.424813022143034
-0.055128423989972974,1985-08,-1.01,-0.3,2.34,0.55,1.77,both,both,-6.062842398997297
0.05001214539959098,1985-09,-4.51,-1.62,1.21,0.6,1.6,both,both,4.401214539959098
0.18252672490168464,1985-10,4.0,-1.5,0.77,0.65,4.87,both,both,17.602672490168466
0.08054448160441119,1985-11,6.46,0.19,-2.91,0.61,-0.55,both,both,7.444448160441119
0.09316068613799411,1985-12,3.88,-0.53,-1.46,0.65,-0.23,both,both,8.66606861379941
0.05114327099532945,1986-01,0.65,1.15,0.46,0.56,2.95,both,both,4.554327099532944
0.08107590625472194,1986-02,7.14,-0.57,-0.63,0.53,2.56,both,both,7.577590625472195
0.13000056709867946,1986-03,4.91,-0.54,-0.39,0.6,2.38,both,both,12.400056709867947
0.07080005345935048,1986-04,-1.28,2.76,-2.81,0.52,-0.35,both,both,6.560005345935048
0.22313995955841315,1986-05,4.62,-1.36,-0.14,0.49,2.06,both,both,21.823995955841315
-0.03040864684586919,1986-06,1.06,-0.93,1.2,0.52,4.94,both,both,-3.560864684586919
-0.12891789007570398,1986-07,-6.43,-3.43,4.66,0.52,1.89,both,both,-13.411789007570398
0.18400127979040914,1986-08,6.07,-4.16,3.54,0.46,-5.17,both,both,17.940127979040913
-0.09459362272008831,1986-09,-8.59,2.4,3.23,0.45,-5.68,both,both,-9.909362272008831
0.033579643605799125,1986-10,4.64,-2.53,-1.42,0.46,4.48,both,both,2.8979643605799126
0.15523119308867406,1986-11,1.17,-1.87,-0.02,0.39,-0.27,both,both,15.133119308867405
0.012504754908461369,1986-12,-3.26,0.19,0.36,0.49,0.45,both,both,0.7604754908461369
0.37036733851536385,1987-01,12.45,-1.89,-3.18,0.42,2.03,both,both,36.61673385153638
0.2612609581916505,1987-02,4.38,3.45,-5.86,0.43,-2.22,both,both,25.696095819165052
-0.0785731592438329,1987-03,1.63,0.5,1.66,0.47,1.66,both,both,-8.32731592438329
0.22868588797384293,1987-04,-2.09,-1.72,-0.36,0.44,0.2,both,both,22.42858879738429
-0.0016373574220356346,1987-05,0.11,-0.53,0.22,0.38,-0.77,both,both,-0.5437357422035635
0.025315189687215245,1987-06,3.91,-2.03,1.13,0.48,-0.22,both,both,2.0515189687215245
0.01851995447310939,1987-07,3.84,-0.57,0.94,0.46,2.57,both,both,1.391995447310939
0.3107821555145671,1987-08,3.52,-0.85,-0.98,0.47,-0.95,both,both,30.608215551456713
0.04629518268099031,1987-09,-2.58,0.58,0.26,0.45,0.8,both,both,4.179518268099031
-0.3163712526801835,1987-10,-23.19,-8.27,4.18,0.6,-7.75,both,both,-32.23712526801835
-0.14376738889129148,1987-11,-7.76,2.68,3.14,0.35,-1.21,both,both,-14.726738889129148
0.2727265672351673,1987-12,6.82,0.03,-4.42,0.39,5.88,both,both,26.88265672351673
-0.011903813327273083,1988-01,4.21,-0.75,4.93,0.29,-7.35,both,both,-1.4803813327273083
0.03818852918535387,1988-02,4.77,3.33,-1.53,0.46,-1.45,both,both,3.358852918535387
-0.06976803227135309,1988-03,-2.26,6.01,0.86,0.44,0.61,both,both,-7.416803227135309
0.02499827801986587,1988-04,0.57,0.91,1.51,0.46,2.2,both,both,2.039827801986587
0.014198924197773577,1988-05,-0.27,-2.54,2.44,0.51,0.66,both,both,0.9098924197773577
0.11445589395216871,1988-06,4.78,2.02,-1.35,0.49,-3.02,both,both,10.95558939521687
-0.04054013882628282,1988-07,-1.25,-0.23,2.18,0.51,0.66,both,both,-4.564013882628283
-0.09971283327571945,1988-08,-3.31,0.07,2.14,0.59,0.36,both,both,-10.561283327571944
0.08463990180404335,1988-09,3.31,-1.34,-0.75,0.62,0.29,both,both,7.843990180404334
-0.10693779142853754,1988-10,1.16,-2.92,2.03,0.61,1.3,both,both,-11.303779142853754
-0.023317256986775448,1988-11,-2.27,-1.64,1.47,0.57,0.18,both,both,-2.9017256986775446
0.06976556637443498,1988-12,1.48,1.89,-1.83,0.63,0.31,both,both,6.3465566374434985
-0.06211057651437346,1989-01,6.07,-2.19,0.61,0.55,-0.25,both,both,-6.761057651437346
-0.037087848660562694,1989-02,-2.23,2.81,0.99,0.61,0.99,both,both,-4.318784866056269
-0.017243880083777863,1989-03,1.57,0.67,0.47,0.67,3.51,both,both,-2.394388008377786
0.09473740266146113,1989-04,4.35,-0.67,-1.48,0.67,1.71,both,both,8.803740266146113
0.2270416613931887,1989-05,3.28,-0.09,-0.9,0.79,1.42,both,both,21.914166139318873
-0.13612387470816634,1989-06,-1.33,-0.97,2.21,0.71,0.4,both,both,-14.322387470816633
-0.03636410829308401,1989-07,7.18,-4.11,-2.8,0.7,5.32,both,both,-4.3364108293084005
0.12215158628111245,1989-08,1.43,0.57,0.62,0.74,-0.49,both,both,11.475158628111243
0.0,1989-09,-0.76,0.3,-1.27,0.65,3.51,both,both,-0.65
0.044946050126493775,1989-10,-3.65,-3.24,-1.16,0.68,1.35,both,both,3.8146050126493773
-0.04604451795189857,1989-11,1.04,-1.19,-1.13,0.69,2.7,both,both,-5.294451795189856
-0.20338969745724766,1989-12,1.18,-2.37,0.15,0.61,2.79,both,both,-20.948969745724767
-0.03546169093550566,1990-01,-7.8,-1.14,0.83,0.57,-2.98,both,both,-4.116169093550567
0.0032211055717334958,1990-02,1.12,0.97,0.65,0.57,-0.51,both,both,-0.24788944282665037
0.18382596464255485,1990-03,1.83,1.47,-2.9,0.64,1.72,both,both,17.742596464255485
-0.0217379624872982,1990-04,-3.36,-0.47,-2.57,0.69,2.28,both,both,-2.86379624872982
0.050525759042498786,1990-05,8.43,-2.56,-3.89,0.68,3.14,both,both,4.372575904249879
0.08484827507653492,1990-06,-1.09,1.35,-2.0,0.63,2.49,both,both,7.854827507653492
-0.06145389547191393,1990-07,-1.9,-3.08,-0.06,0.68,6.04,both,both,-6.825389547191393
-0.11638545840725678,1990-08,-10.12,-3.5,1.56,0.66,1.97,both,both,-12.298545840725678
-0.21621420298905147,1990-09,-6.11,-3.64,0.59,0.6,5.71,both,both,-22.221420298905148
0.06034459090162625,1990-10,-1.92,-5.52,0.08,0.68,6.74,both,both,5.354459090162625
0.1991152727808192,1990-11,6.35,0.42,-2.97,0.57,-5.36,both,both,19.34152727808192
0.17006898416182303,1990-12,2.46,0.79,-1.57,0.6,0.25,both,both,16.4068984161823
0.29069750593391697,1991-01,4.69,3.78,-1.48,0.52,-6.47,both,both,28.549750593391696
0.03370216596694808,1991-02,7.19,4.01,-0.62,0.48,-4.94,both,both,2.8902165966948083
0.18777189556128482,1991-03,2.66,3.88,-1.3,0.44,2.71,both,both,18.337189556128482
-0.19117702569501138,1991-04,-0.28,0.5,1.49,0.53,-2.32,both,both,-19.64770256950114
-0.14326672470676582,1991-05,3.66,-0.39,-0.52,0.47,-0.09,both,both,-14.796672470676583
-0.11702130694634194,1991-06,-4.94,0.18,1.08,0.42,0.42,both,both,-12.122130694634194
0.11445632284901852,1991-07,4.24,-0.97,-1.3,0.49,4.26,both,both,10.955632284901851
0.1485334228468842,1991-08,2.32,1.58,-0.79,0.46,1.58,both,both,14.39334228468842
-0.06603786757023411,1991-09,-1.59,1.68,-1.23,0.46,1.75,both,both,-7.0637867570234105
0.040403523397110286,1991-10,1.29,0.77,-0.43,0.42,3.18,both,both,3.6203523397110287
-0.012192001413207754,1991-11,-4.2,-0.51,-1.77,0.39,1.18,both,both,-1.6092001413207755
0.1108369287240667,1991-12,10.85,-2.26,-4.23,0.38,8.29,both,both,10.703692872406668
0.14855866284182362,1992-01,-0.59,8.48,4.67,0.34,-2.5,both,both,14.515866284182362
0.04442242626612081,1992-02,1.08,0.83,6.51,0.28,-0.7,both,both,4.16224262661208
-0.1370382252970609,1992-03,-2.65,-0.97,3.49,0.34,-0.21,both,both,-14.04382252970609
0.0321887425877565,1992-04,1.09,-6.12,4.36,0.32,-2.55,both,both,2.8988742587756504
-0.00623675231067955,1992-05,0.3,0.41,1.11,0.28,0.06,both,both,-0.903675231067955
-0.19503749093017553,1992-06,-2.33,-3.1,3.24,0.32,-0.57,both,both,-19.823749093017554
-0.02603993420036177,1992-07,3.78,-0.45,-0.51,0.31,1.47,both,both,-2.913993420036177
-0.013399352974105327,1992-08,-2.38,-0.1,-1.09,0.26,-0.47,both,both,-1.5999352974105328
-0.019020173066415236,1992-09,1.19,0.55,-0.19,0.26,1.44,both,both,-2.1620173066415234
0.16343404179008103,1992-10,1.02,2.11,-1.98,0.23,2.5,both,both,16.113404179008104
0.09756838680276814,1992-11,4.14,3.68,-1.52,0.23,-0.25,both,both,9.526838680276814
0.03912967818112012,1992-12,1.53,1.65,2.64,0.28,4.33,both,both,3.6329678181120117
-0.00418414558700797,1993-01,0.93,1.89,5.9,0.23,4.85,both,both,-0.648414558700797
-0.10730162506959562,1993-02,0.12,-3.39,6.48,0.22,3.18,both,both,-10.950162506959563
-0.02830204101204903,1993-03,2.32,0.29,1.26,0.25,3.7,both,both,-3.080204101204903
-0.00485371520667599,1993-04,-3.05,-0.62,2.55,0.24,0.36,both,both,-0.725371520667599
0.10718727137366435,1993-05,2.89,2.06,-3.46,0.22,0.21,both,both,10.498727137366435
-0.3024272079728372,1993-06,0.3,-0.3,2.64,0.25,4.57,both,both,-30.492720797283717
-0.2974686644849014,1993-07,-0.34,0.96,2.87,0.24,3.22,both,both,-29.986866448490137
-0.04084326538412009,1993-08,3.72,0.11,0.18,0.25,2.54,both,both,-4.334326538412009
-0.11792544691340534,1993-09,-0.12,3.09,-0.24,0.26,3.39,both,both,-12.052544691340534
0.3155129085650288,1993-10,1.42,1.99,-2.78,0.22,-2.67,both,both,31.33129085650288
0.02806945513186876,1993-11,-1.87,-1.27,-0.78,0.25,-4.77,both,both,2.556945513186876
-0.07142744613096141,1993-12,1.65,1.19,0.25,0.23,2.33,both,both,-7.372744613096142
0.1196580910144478,1994-01,2.87,0.33,1.1,0.25,0.11,both,both,11.71580910144478
0.1185080272349619,1994-02,-2.55,2.76,-1.52,0.21,-0.34,both,both,11.64080272349619
-0.08904152509291097,1994-03,-4.79,-1.08,1.67,0.27,-1.32,both,both,-9.174152509291096
-0.09774475571017349,1994-04,0.68,-0.93,1.66,0.27,0.33,both,both,-10.04447557101735
-0.02114859795042645,1994-05,0.58,-2.09,0.6,0.32,-2.05,both,both,-2.434859795042645
-0.09401880744800162,1994-06,-3.04,-0.43,1.77,0.31,-0.9,both,both,-9.711880744800162
0.27122552269159694,1994-07,2.82,-1.81,0.61,0.28,0.11,both,both,26.842552269159693
0.07793465059326987,1994-08,4.02,1.5,-2.55,0.37,1.54,both,both,7.423465059326987
-0.06908651209853878,1994-09,-2.28,3.04,-1.81,0.37,1.32,both,both,-7.278651209853877
0.2820064290142321,1994-10,1.35,-2.16,-1.66,0.38,1.31,both,both,27.820642901423213
-0.13488913845528128,1994-11,-4.03,0.28,-0.73,0.37,-0.12,both,both,-13.858913845528127
0.04697959799768703,1994-12,0.86,0.17,-0.09,0.44,3.45,both,both,4.257959799768702
0.03525716991488692,1995-01,1.8,-3.51,2.59,0.42,-1.84,both,both,3.105716991488692
-0.018980506544537867,1995-02,3.63,-0.61,0.99,0.4,-0.47,both,both,-2.2980506544537866
-0.10759669241443215,1995-03,2.19,-0.2,-2.13,0.46,0.45,both,both,-11.219669241443215
0.08510776489023542,1995-04,2.11,-0.51,1.67,0.44,1.8,both,both,8.070776489023542
0.08961484353153004,1995-05,2.9,-2.53,2.28,0.54,-0.55,both,both,8.421484353153005
0.1172932209092199,1995-06,2.72,3.17,-2.54,0.47,3.01,both,both,11.259322090921989
-0.030955788276630147,1995-07,3.71,2.09,-1.58,0.45,2.6,both,both,-3.545578827663015
-0.041835718235921804,1995-08,0.55,1.31,2.68,0.47,0.05,both,both,-4.65357182359218
-0.1337224770931975,1995-09,3.36,-2.16,-0.11,0.43,2.86,both,both,-13.80224770931975
-0.025166128080605366,1995-10,-1.51,-3.8,-0.49,0.47,4.17,both,both,-2.9866128080605368
0.0531844781927755,1995-11,3.96,-1.12,0.52,0.42,-0.72,both,both,4.89844781927755
-0.16393546988794971,1995-12,1.04,0.66,0.24,0.49,2.48,both,both,-16.88354698879497
-0.13333199239337234,1996-01,2.26,-2.83,0.46,0.43,0.57,both,both,-13.763199239337235
-0.004524584222963979,1996-02,1.33,1.79,-1.05,0.39,0.57,both,both,-0.8424584222963979
-0.10681943966981544,1996-03,0.74,1.43,0.42,0.39,-1.85,both,both,-11.071943966981545
-0.00763296403506486,1996-04,2.06,5.2,-3.97,0.46,-0.94,both,both,-1.223296403506486
0.07179467826090935,1996-05,2.36,3.2,-0.9,0.42,1.62,both,both,6.759467826090935
-0.19617251756060816,1996-06,-1.13,-4.0,2.33,0.4,1.02,both,both,-20.017251756060816
0.047621124511052715,1996-07,-5.96,-4.3,5.19,0.45,-0.15,both,both,4.312112451105271
0.10227139644226035,1996-08,2.77,2.45,-0.82,0.41,-0.02,both,both,9.817139644226035
-0.08505043286229386,1996-09,5.01,-1.02,-2.74,0.44,2.67,both,both,-8.945043286229385
0.036617097652862585,1996-10,0.87,-4.39,4.88,0.42,3.72,both,both,3.2417097652862585
0.048915040703017,1996-11,6.25,-4.04,1.4,0.41,-2.35,both,both,4.4815040703017
-0.13471586834032245,1996-12,-1.7,3.12,1.28,0.46,0.53,both,both,-13.931586834032245
-0.2035904300980912,1997-01,4.96,-1.93,-1.44,0.45,1.87,both,both,-20.80904300980912
-0.022562073983070086,1997-02,-0.48,-3.16,5.61,0.39,-2.18,both,both,-2.6462073983070087
0.12307670817819005,1997-03,-5.02,-0.33,3.39,0.43,0.88,both,both,11.877670817819006
-0.06848870739155533,1997-04,4.04,-5.74,0.0,0.43,4.83,both,both,-7.278870739155533
-0.02205761526056338,1997-05,6.73,5.12,-4.11,0.49,-5.19,both,both,-2.695761526056338
-0.14286095824215939,1997-06,4.1,1.21,1.44,0.37,2.59,both,both,-14.656095824215937
0.2280717369488714,1997-07,7.31,-2.73,0.13,0.43,3.7,both,both,22.37717369488714
0.24285394570831698,1997-08,-4.1,7.15,1.13,0.41,-2.57,both,both,23.8753945708317
-0.0028730602449168474,1997-09,5.34,2.54,0.24,0.44,1.46,both,both,-0.7273060244916847
-0.214694146982784,1997-10,-3.8,-0.71,2.33,0.42,-0.53,both,both,-21.8894146982784
0.04219834347263762,1997-11,2.99,-5.11,1.22,0.39,0.38,both,both,3.829834347263762
-0.26055949838849135,1997-12,1.33,-2.48,3.74,0.48,3.91,both,both,-26.535949838849135
0.39522791598153906,1998-01,0.15,-1.01,-1.68,0.43,0.05,both,both,39.09279159815391
0.2901095615309801,1998-02,7.03,0.13,-0.93,0.39,-1.19,both,both,28.62095615309801
0.16401981376597252,1998-03,4.76,-1.19,1.38,0.39,2.13,both,both,16.01198137659725
-0.004545149133022286,1998-04,0.74,0.06,1.03,0.43,0.76,both,both,-0.8845149133022285
-0.027399775090694356,1998-05,-3.07,-3.4,3.41,0.4,1.91,both,both,-3.1399775090694355
0.07746391081684978,1998-06,3.19,-3.17,-2.03,0.41,7.26,both,both,7.336391081684978
0.2069743401241524,1998-07,-2.42,-4.83,-1.83,0.4,3.79,both,both,20.29743401241524
-0.09927792270285829,1998-08,-16.05,-5.47,3.57,0.43,1.9,both,both,-10.35779227028583
0.2224451622961603,1998-09,6.19,-0.02,-3.51,0.46,-0.65,both,both,21.784516229616028
-0.026230999626586038,1998-10,6.98,-2.98,-2.33,0.32,-5.33,both,both,-2.9430999626586036
-0.13973074735693347,1998-11,6.07,1.26,-3.24,0.31,1.13,both,both,-14.283074735693347
0.28180042286640683,1998-12,6.15,-0.46,-4.25,0.38,8.87,both,both,27.800042286640686
0.006109294543988675,1999-01,3.48,0.67,-4.46,0.35,2.84,both,both,0.2609294543988675
-0.15478100002726514,1999-02,-4.08,-6.02,1.95,0.35,-0.14,both,both,-15.828100002726513
0.03231698661072513,1999-03,3.48,-3.84,-2.61,0.43,-1.21,both,both,2.8016986610725128
0.2799977439223307,1999-04,4.34,3.89,2.4,0.37,-8.98,both,both,27.629774392233067
-0.04211956086537039,1999-05,-2.46,3.32,2.49,0.34,-5.25,both,both,-4.5519560865370385
0.05106329368122409,1999-06,4.77,3.23,-3.22,0.4,4.66,both,both,4.706329368122408
0.20243068187710156,1999-07,-3.49,2.48,-0.18,0.38,1.7,both,both,19.86306818771016
0.17171641761159995,1999-08,-1.37,-0.95,-1.93,0.39,2.98,both,both,16.781641761159996
-0.029693357748642235,1999-09,-2.77,3.12,-2.9,0.39,6.38,both,both,-3.3593357748642236
0.2655487718201839,1999-10,6.09,-6.94,-2.88,0.39,5.45,both,both,26.164877182018387
0.22152873043025,1999-11,3.41,6.87,-5.65,0.36,5.49,both,both,21.792873043025
0.05044682163427194,1999-12,7.66,6.56,-7.66,0.44,13.14,both,both,4.604682163427194
0.009118238941287382,2000-01,-4.74,5.16,-1.12,0.41,1.86,both,both,0.5018238941287383
0.10481996587155162,2000-02,2.46,21.25,-9.77,0.43,18.02,both,both,10.051996587155163
0.1848416536711328,2000-03,5.21,-17.41,8.5,0.47,-6.85,both,both,18.014165367113282
-0.08651644567318084,2000-04,-6.39,-6.0,6.45,0.46,-8.6,both,both,-9.111644567318084
-0.32292202978273976,2000-05,-4.39,-6.08,4.59,0.5,-8.99,both,both,-32.79220297827398
0.24702398193970843,2000-06,4.68,12.71,-8.04,0.4,16.63,both,both,24.302398193970845
-0.029833189517428638,2000-07,-2.48,-2.84,8.06,0.48,-0.16,both,both,-3.4633189517428637
0.19926264069709876,2000-08,7.03,-0.5,-1.37,0.5,5.59,both,both,19.426264069709877
-0.5774364069580885,2000-09,-5.44,-1.74,7.24,0.51,1.89,both,both,-58.25364069580885
-0.24029150762281548,2000-10,-2.78,-3.85,5.58,0.56,-4.56,both,both,-24.589150762281548
-0.15654823385911176,2000-11,-10.7,-3.08,12.24,0.51,-2.17,both,both,-16.164823385911177
-0.0984852566708253,2000-12,1.18,0.82,7.55,0.5,6.59,both,both,-10.34852566708253
0.45378281629460737,2001-01,3.25,6.41,-5.05,0.54,-25.35,both,both,44.83828162946074
-0.1560697186210961,2001-02,-10.03,-0.65,12.23,0.38,12.6,both,both,-15.986971862109609
0.20931460333122476,2001-03,-7.25,0.26,6.47,0.42,8.65,both,both,20.511460333122475
0.15496254381766628,2001-04,7.93,0.5,-4.64,0.39,-8.01,both,both,15.106254381766627
-0.2173405986939161,2001-05,0.68,2.48,3.38,0.32,2.15,both,both,-22.054059869391608
0.16541434878239092,2001-06,-1.94,6.35,-1.26,0.28,0.62,both,both,16.26143487823909
-0.19182795617890047,2001-07,-2.13,-4.05,4.95,0.3,5.48,both,both,-19.482795617890048
-0.012773697489766311,2001-08,-6.4,2.19,2.86,0.31,5.46,both,both,-1.5873697489766312
-0.16388265885251052,2001-09,-9.24,-6.23,1.52,0.28,11.38,both,both,-16.668265885251053
0.13217280242455853,2001-10,2.48,7.49,-7.31,0.22,-8.32,both,both,12.997280242455853
0.21298516725041194,2001-11,7.53,-0.57,2.17,0.17,-8.61,both,both,21.128516725041194
0.028168479541129,2001-12,1.61,4.72,0.83,0.15,0.02,both,both,2.6668479541129
0.12876912896878534,2002-01,-1.44,1.17,3.42,0.14,3.65,both,both,12.736912896878533
-0.12216899719473173,2002-02,-2.3,-1.08,2.34,0.13,6.83,both,both,-12.346899719473173
0.09078449446701553,2002-03,4.24,4.09,1.08,0.13,-1.69,both,both,8.948449446701552
0.025347940829428817,2002-04,-5.21,5.82,4.01,0.15,7.7,both,both,2.3847940829428818
-0.03996807994485607,2002-05,-1.36,-3.27,1.52,0.14,3.09,both,both,-4.136807994485607
-0.239483463671196,2002-06,-7.23,4.08,0.37,0.13,6.24,both,both,-24.078346367119597
-0.13882708199104188,2002-07,-8.19,-5.25,-3.51,0.15,3.63,both,both,-14.032708199104189
-0.03342019308517041,2002-08,0.5,-2.8,3.01,0.14,1.87,both,both,-3.4820193085170414
-0.016948224770597653,2002-09,-10.34,2.42,1.26,0.14,9.18,both,both,-1.8348224770597654
0.10827279633719278,2002-10,7.84,-3.4,-3.76,0.14,-5.58,both,both,10.687279633719278
-0.03546776667097229,2002-11,5.96,3.26,-1.16,0.12,-16.43,both,both,-3.666776667097229
-0.07548420947633738,2002-12,-5.76,-0.04,2.11,0.11,9.72,both,both,-7.658420947633739
0.002094412738742557,2003-01,-2.57,1.34,-0.79,0.1,1.59,both,both,0.1094412738742557
0.045264201903501,2003-02,-1.88,-0.44,-1.36,0.09,1.21,both,both,4.4364201903501
-0.057962376739862265,2003-03,1.09,1.17,-2.11,0.1,1.4,both,both,-5.896237673986226
0.005659306376597728,2003-04,8.18,0.76,1.22,0.1,-9.35,both,both,0.46593063765977283
0.26230511300634696,2003-05,6.05,4.61,0.7,0.09,-10.75,both,both,26.140511300634696
0.06183754813735054,2003-06,1.42,1.7,0.14,0.1,-1.23,both,both,6.083754813735054
0.10598241222828575,2003-07,2.33,4.93,-1.53,0.07,-0.3,both,both,10.528241222828575
0.07257985981596637,2003-08,2.33,2.44,1.64,0.07,-0.53,both,both,7.187985981596637
-0.08359162245017648,2003-09,-1.24,0.85,0.14,0.08,-0.07,both,both,-8.439162245017648
0.10472976479175822,2003-10,6.08,2.59,2.21,0.07,4.01,both,both,10.402976479175821
-0.08650027304878849,2003-11,1.35,2.06,1.72,0.07,1.36,both,both,-8.72002730487885
0.021998349409624085,2003-12,4.29,-2.68,1.51,0.08,-5.54,both,both,2.1198349409624084
0.05568552678692629,2004-01,2.15,2.54,2.42,0.07,2.57,both,both,5.498552678692628
0.06028441779591742,2004-02,1.4,-1.57,0.95,0.06,-1.17,both,both,5.968441779591743
0.1304338090596857,2004-03,-1.32,1.73,0.23,0.09,0.19,both,both,12.953380905968572
-0.046597387774638066,2004-04,-1.81,-1.73,-3.23,0.08,-5.34,both,both,-4.739738777463806
0.08844002714023835,2004-05,1.18,-0.23,-0.18,0.06,1.49,both,both,8.784002714023835
0.15965800039850575,2004-06,1.85,2.25,1.21,0.08,2.08,both,both,15.885800039850574
-0.006145147066706214,2004-07,-4.04,-3.76,3.22,0.1,-2.24,both,both,-0.7145147066706213
0.06648128975440804,2004-08,0.07,-1.52,1.08,0.11,-1.55,both,both,6.538128975440803
0.12351278961100864,2004-09,1.6,3.01,-0.05,0.11,5.48,both,both,12.241278961100864
0.3522585080713121,2004-10,1.42,0.13,-0.26,0.11,-1.43,both,both,35.11585080713121
0.2795797515872436,2004-11,4.53,3.74,1.57,0.15,3.08,both,both,27.80797515872436
-0.03952206504656253,2004-12,3.42,-0.03,-0.23,0.16,-2.85,both,both,-4.112206504656252
0.19409912510627225,2005-01,-2.75,-1.66,2.06,0.16,2.96,both,both,19.249912510627226
0.1667107523952842,2005-02,1.88,-0.57,1.41,0.16,3.43,both,both,16.51107523952842
-0.07111063609411516,2005-03,-1.94,-1.41,2.07,0.21,0.43,both,both,-7.3210636094115165
-0.13462934820689476,2005-04,-2.61,-3.93,0.05,0.21,-0.68,both,both,-13.672934820689477
0.10260687129835344,2005-05,3.65,2.86,-0.58,0.24,0.37,both,both,10.020687129835343
-0.07419499613046077,2005-06,0.58,2.56,2.8,0.23,2.07,both,both,-7.649499613046077
0.15865245589895105,2005-07,3.92,2.87,-0.78,0.24,0.03,both,both,15.625245589895105
0.09941400288568158,2005-08,-1.2,-1.07,1.34,0.3,2.07,both,both,9.641400288568157
0.14331409714784638,2005-09,0.48,-0.62,0.78,0.29,3.46,both,both,14.041409714784638
0.0742398063935299,2005-10,-2.04,-1.3,0.43,0.27,-1.19,both,both,7.153980639352989
0.17763490485937328,2005-11,3.61,1.05,-1.19,0.31,0.34,both,both,17.45349048593733
0.0600120112333451,2005-12,-0.24,-0.44,0.15,0.32,0.78,both,both,5.681201123334509
0.05035448295696643,2006-01,3.03,5.46,0.99,0.35,2.52,both,both,4.685448295696643
-0.09296749624640266,2006-02,-0.3,-0.41,-0.31,0.34,-1.78,both,both,-9.636749624640267
-0.08424593600852326,2006-03,1.47,3.39,0.61,0.37,1.26,both,both,-8.794593600852325
0.12228925982001049,2006-04,0.73,-1.38,2.26,0.36,0.6,both,both,11.868925982001048
-0.1508736602102252,2006-05,-3.56,-3.01,2.38,0.43,-3.66,both,both,-15.517366021022518
-0.041827242783893714,2006-06,-0.35,-0.35,0.85,0.4,1.55,both,both,-4.582724278389372
0.18665972438646983,2006-07,-0.77,-3.95,2.62,0.4,-2.04,both,both,18.265972438646983
-0.0016186685501912157,2006-08,2.03,0.99,-1.95,0.42,-3.36,both,both,-0.5818668550191215
0.13456179254047984,2006-09,1.84,-1.3,0.06,0.41,-0.98,both,both,13.046179254047985
0.053259973952653805,2006-10,3.22,1.77,-0.33,0.41,-0.25,both,both,4.91599739526538
0.13048901801024915,2006-11,1.7,0.63,0.04,0.42,-1.04,both,both,12.628901801024915
-0.07440520282489616,2006-12,0.85,-1.16,2.74,0.4,0.79,both,both,-7.840520282489615
0.010490251649257987,2007-01,1.38,0.09,-0.68,0.44,0.17,both,both,0.6090251649257987
-0.013064431139326649,2007-02,-1.96,1.23,-0.08,0.38,-1.29,both,both,-1.6864431139326648
0.09809699924271564,2007-03,0.71,0.09,-0.88,0.43,2.58,both,both,9.379699924271565
0.07415818640368532,2007-04,3.49,-2.21,-1.44,0.44,-0.16,both,both,6.975818640368532
0.21432866017733376,2007-05,3.23,0.16,-0.59,0.41,-0.33,both,both,21.022866017733374
0.007013743714844756,2007-06,-1.96,0.73,-1.05,0.4,0.52,both,both,0.30137437148447555
0.0796460436879296,2007-07,-3.72,-2.66,-3.68,0.4,2.84,both,both,7.56460436879296
0.05100141378267953,2007-08,0.94,-0.11,-1.87,0.42,-0.03,both,both,4.680141378267953
0.10824690150389027,2007-09,3.22,-2.25,-2.17,0.32,4.43,both,both,10.504690150389028
0.23770119175307114,2007-10,1.79,0.19,-2.87,0.32,5.03,both,both,23.450119175307115
-0.04069469111557111,2007-11,-4.8,-2.81,-1.09,0.34,1.12,both,both,-4.409469111557112
0.08703735448485728,2007-12,-0.87,0.11,-0.51,0.27,6.56,both,both,8.433735448485727
-0.3166393130647285,2008-01,-6.33,-1.02,4.0,0.21,-7.74,both,both,-31.873931306472848
-0.0763892231261567,2008-02,-3.09,-0.48,-0.72,0.13,6.13,both,both,-7.76892231261567
0.1478160669552131,2008-03,-0.94,0.71,0.31,0.17,4.25,both,both,14.61160669552131
0.2121950456031576,2008-04,4.61,-1.69,-0.96,0.18,-0.33,both,both,21.039504560315763
0.08508208925839011,2008-05,1.87,2.97,-1.5,0.18,3.39,both,both,8.32820892583901
-0.11290053481297158,2008-06,-8.43,1.15,-2.51,0.17,12.71,both,both,-11.460053481297157
-0.050705016419259175,2008-07,-0.75,2.6,5.2,0.15,-5.02,both,both,-5.220501641925917
0.06656199082389436,2008-08,1.53,3.4,1.52,0.13,-4.48,both,both,6.526199082389436
-0.329558220147275,2008-09,-9.35,-1.07,5.66,0.15,0.86,both,both,-33.105822014727494
-0.05340490902009776,2008-10,-17.2,-2.31,-1.89,0.08,7.87,both,both,-5.420490902009776
-0.13867470980985375,2008-11,-7.74,-3.01,-6.21,0.03,7.28,both,both,-13.897470980985373
-0.07898992426958773,2008-12,1.77,3.52,0.05,0.0,-5.09,both,both,-7.898992426958773
0.05600501213187492,2009-01,-8.09,0.04,-11.02,0.0,-2.36,both,both,5.600501213187492
-0.009098163136003201,2009-02,-10.14,0.14,-6.6,0.01,4.36,both,both,-0.9198163136003201
0.1770236346725096,2009-03,9.01,-0.1,3.48,0.02,-11.83,both,both,17.68236346725096
0.19701342952070067,2009-04,10.17,5.4,5.38,0.01,-34.34,both,both,19.691342952070066
0.07931311104334315,2009-05,5.21,-2.41,0.41,0.0,-12.53,both,both,7.931311104334315
0.048744345994357285,2009-06,0.42,2.58,-2.76,0.01,5.45,both,both,4.864434599435729
0.14716017692968997,2009-07,7.74,1.75,4.89,0.01,-5.54,both,both,14.706017692968997
0.029499537069669124,2009-08,3.33,-1.12,7.6,0.01,-9.1,both,both,2.9399537069669126
0.10189710791799378,2009-09,4.08,2.43,1.15,0.01,-4.87,both,both,10.179710791799378
0.016994589689084405,2009-10,-2.53,-4.26,-4.17,0.0,2.49,both,both,1.6994589689084405
0.0605305992141536,2009-11,5.63,-2.5,-0.33,0.0,0.39,both,both,6.05305992141536
0.05412425657422992,2009-12,2.8,6.01,-0.11,0.01,3.0,both,both,5.4024256574229925
-0.08859660487672727,2010-01,-3.35,0.43,0.33,0.0,-5.33,both,both,-8.859660487672727
0.06539647727255771,2010-02,3.39,1.18,3.18,0.0,3.69,both,both,6.539647727255771
0.1484700414631286,2010-03,6.3,1.46,2.19,0.01,3.57,both,both,14.837004146312859
0.11102129193475152,2010-04,1.99,4.84,2.96,0.01,3.16,both,both,11.092129193475152
-0.016124879705370132,2010-05,-7.9,0.13,-2.48,0.01,-0.2,both,both,-1.6224879705370132
-0.02082688569387059,2010-06,-5.56,-1.79,-4.73,0.01,-2.7,both,both,-2.0926885693870587
0.022740850799900736,2010-07,6.92,0.22,-0.5,0.01,1.78,both,both,2.264085079990074
-0.0550047551286752,2010-08,-4.78,-3.01,-1.73,0.01,0.04,both,both,-5.51047551286752
0.16721566954150568,2010-09,9.55,3.82,-3.02,0.01,1.38,both,both,16.711566954150566
0.060722298056966384,2010-10,3.87,1.08,-2.46,0.01,1.46,both,both,6.062229805696639
0.03378919697892657,2010-11,0.59,3.67,-0.9,0.01,2.73,both,both,3.3689196978926574
0.03667073040750135,2010-12,6.82,0.72,3.56,0.01,-3.0,both,both,3.6570730407501353
0.051959299639971146,2011-01,1.98,-2.29,0.61,0.01,-0.3,both,both,5.185929963997115
0.040934888476412246,2011-02,3.48,1.5,1.18,0.01,1.88,both,both,4.083488847641225
-0.013306621237342942,2011-03,0.45,2.49,-1.84,0.01,3.45,both,both,-1.3406621237342942
0.004648258891109203,2011-04,2.9,-0.42,-2.44,0.0,0.05,both,both,0.46482588911092027
-0.0065688967583615865,2011-05,-1.27,-0.73,-1.85,0.0,-0.6,both,both,-0.6568896758361586
-0.03495967983836212,2011-06,-1.74,-0.27,-0.2,0.0,1.82,both,both,-3.4959679838362123
0.16328552730370527,2011-07,-2.35,-1.17,-0.91,0.0,0.2,both,both,16.328552730370525
-0.014469200092257495,2011-08,-5.96,-2.96,-2.43,0.01,-0.27,both,both,-1.4569200092257495
-0.009121454823367459,2011-09,-7.58,-3.12,-1.53,0.0,-2.4,both,both,-0.9121454823367459
0.06152336929260338,2011-10,11.33,3.05,0.06,0.0,-1.4,both,both,6.152336929260338
-0.05578358664145,2011-11,-0.27,-0.18,-0.52,0.0,3.88,both,both,-5.578358664145
0.059654794649802945,2011-12,0.75,-0.56,1.54,0.0,1.83,both,both,5.9654794649802945
0.12711111460715707,2012-01,5.05,2.01,-0.93,0.0,-8.01,both,both,12.711111460715706
0.18831046200251111,2012-02,4.42,-1.84,0.42,0.0,-0.26,both,both,18.831046200251112
0.10528376299322084,2012-03,3.12,-0.63,1.19,0.0,1.31,both,both,10.528376299322083
-0.025969708843186945,2012-04,-0.85,-0.37,-0.77,0.0,3.72,both,both,-2.5969708843186945
-0.010701833267342642,2012-05,-6.17,0.12,-0.95,0.01,6.44,both,both,-1.0801833267342642
0.01085234145536651,2012-06,3.89,0.72,0.55,0.0,-1.1,both,both,1.085234145536651
0.04582230769012563,2012-07,0.79,-2.76,-0.06,0.0,3.0,both,both,4.582230769012563
0.09387601387476208,2012-08,2.54,0.5,1.23,0.01,-2.35,both,both,9.377601387476208
0.0027962098957983184,2012-09,2.73,0.45,1.62,0.01,-1.13,both,both,0.2696209895798318
-0.107600118003504,2012-10,-1.76,-1.09,3.52,0.01,0.05,both,both,-10.7700118003504
-0.012374123904077439,2012-11,0.78,0.6,-0.86,0.01,0.53,both,both,-1.2474123904077439
-0.09074294679641148,2012-12,1.18,1.5,3.48,0.01,-2.93,both,both,-9.084294679641149
-0.14408933186352002,2013-01,5.57,0.29,1.01,0.0,-1.82,both,both,-14.408933186352002
-0.025285959283740556,2013-02,1.28,-0.3,0.21,0.0,1.23,both,both,-2.5285959283740556
0.002854294628412468,2013-03,4.04,0.83,-0.22,0.0,1.92,both,both,0.2854294628412468
0.00027148941946575356,2013-04,1.56,-2.37,0.44,0.0,0.22,both,both,0.027148941946575356
0.02241902462629808,2013-05,2.8,1.7,2.67,0.0,-2.01,both,both,2.241902462629808
-0.11829297867083255,2013-06,-1.2,1.31,-0.05,0.0,0.43,both,both,-11.829297867083255
0.1412248101182989,2013-07,5.65,1.81,0.58,0.0,1.74,both,both,14.12248101182989
0.08376685076986257,2013-08,-2.71,0.32,-2.73,0.0,0.04,both,both,8.376685076986256
-0.021489405851244037,2013-09,3.77,2.89,-1.18,0.0,3.02,both,both,-2.1489405851244037
0.09638181745985386,2013-10,4.17,-1.56,1.22,0.0,0.02,both,both,9.638181745985385
0.07005324365182797,2013-11,3.11,1.31,0.19,0.0,0.39,both,both,7.005324365182797
0.008901633663103148,2013-12,2.81,-0.44,0.0,0.0,0.02,both,both,0.8901633663103148
-0.10769720954713058,2014-01,-3.32,0.93,-1.99,0.0,1.61,both,both,-10.769720954713058
0.057511628684011384,2014-02,4.66,0.36,-0.35,0.0,2.13,both,both,5.751162868401138
0.019952805920428363,2014-03,0.43,-1.86,4.9,0.0,-3.27,both,both,1.9952805920428363
0.099395720134972,2014-04,-0.18,-4.18,1.22,0.0,-3.82,both,both,9.9395720134972
0.0787096105974967,2014-05,2.05,-1.85,-0.1,0.0,0.89,both,both,7.87096105974967
0.027662073237854967,2014-06,2.6,3.05,-0.71,0.0,0.65,both,both,2.7662073237854967
0.028731164289301336,2014-07,-2.03,-4.18,-0.08,0.0,-0.17,both,both,2.8731164289301336
0.0775087259677556,2014-08,4.24,0.41,-0.57,0.0,0.83,both,both,7.75087259677556
-0.017072899641288886,2014-09,-1.96,-3.59,-1.47,0.0,0.6,both,both,-1.7072899641288886
0.0719605101279237,2014-10,2.51,4.05,-1.63,0.0,-0.21,both,both,7.1960510127923705
0.10597835758085838,2014-11,2.56,-2.05,-3.13,0.0,0.69,both,both,10.59783575808584
-0.07189102652607149,2014-12,-0.05,2.53,2.12,0.0,1.03,both,both,-7.189102652607149
0.06142401977493317,2015-01,-3.1,-0.59,-3.45,0.0,3.74,both,both,6.142401977493317
0.10077687452845496,2015-02,6.13,0.61,-1.79,0.0,-3.1,both,both,10.077687452845495
-0.03137152184727343,2015-03,-1.11,3.05,-0.38,0.0,2.7,both,both,-3.137152184727343
0.005786089400932504,2015-04,0.59,-2.99,1.8,0.0,-7.27,both,both,0.5786089400932504
0.045339273103518485,2015-05,1.37,0.95,-1.11,0.0,5.68,both,both,4.5339273103518485
-0.03722765431139463,2015-06,-1.52,2.94,-0.82,0.0,3.01,both,both,-3.722765431139463
-0.0329269943617605,2015-07,1.57,-4.17,-4.16,0.0,9.97,both,both,-3.2926994361760498
-0.06619587870336352,2015-08,-6.02,0.37,2.75,0.0,-2.16,both,both,-6.6195878703363515
-0.02181618714422484,2015-09,-3.06,-2.63,0.55,0.0,5.24,both,both,-2.181618714422484
0.0834089179508335,2015-10,7.75,-1.9,-0.47,0.0,-3.19,both,both,8.34089179508335
-0.005804465151805771,2015-11,0.57,3.58,-0.43,0.0,2.29,both,both,-0.5804465151805771
-0.11022813739151949,2015-12,-2.15,-2.8,-2.57,0.01,3.34,both,both,-11.03281373915195
-0.0752424761147138,2016-01,-5.74,-3.4,2.08,0.01,1.6,both,both,-7.534247611471379
-0.0012875605611876173,2016-02,-0.06,0.73,-0.61,0.02,-4.35,both,both,-0.14875605611876172
0.12721052976170077,2016-03,6.95,0.75,1.22,0.02,-5.04,both,both,12.701052976170079
-0.13992094922799625,2016-04,0.92,0.77,3.22,0.01,-5.98,both,both,-14.002094922799625
0.07177308211997735,2016-05,1.78,-0.18,-1.62,0.01,1.47,both,both,7.167308211997735
-0.04265972541107499,2016-06,-0.03,0.6,-1.49,0.02,4.2,both,both,-4.2859725411074985
0.0900627778151224,2016-07,3.94,2.45,-1.24,0.02,-3.31,both,both,8.98627778151224
0.02365162098779061,2016-08,0.49,1.17,3.17,0.02,-3.41,both,both,2.345162098779061
0.06550458665156578,2016-09,0.27,2.08,-1.19,0.02,0.26,both,both,6.530458665156578
0.0043344926232467,2016-10,-2.01,-4.39,4.11,0.02,0.51,both,both,0.41344926232466994
-0.021601168158363437,2016-11,4.86,5.6,8.29,0.01,-4.77,both,both,-2.1701168158363435
0.04795517845022479,2016-12,1.81,0.14,3.47,0.03,-0.27,both,both,4.765517845022479
0.0477463526554851,2017-01,1.94,-1.16,-2.76,0.04,-0.93,both,both,4.73463526554851
0.13377842974048537,2017-02,3.55,-2.15,-1.5,0.04,-1.51,both,both,13.337842974048538
0.048689656311108775,2017-03,0.17,1.13,-3.33,0.03,-0.97,both,both,4.838965631110877
-7.01031700308663e-05,2017-04,1.08,0.66,-2.05,0.05,0.48,both,both,-0.05701031700308663
0.06780739033457772,2017-05,1.07,-2.52,-3.82,0.06,1.5,both,both,6.720739033457773
-0.057213707317740004,2017-06,0.79,2.21,1.5,0.06,-0.1,both,both,-5.7813707317739995
0.032703410215691564,2017-07,1.88,-1.45,-0.23,0.07,1.63,both,both,3.2003410215691566
0.10699990094771805,2017-08,0.18,-1.67,-2.13,0.09,3.31,both,both,10.609990094771806
-0.060244247335129564,2017-09,2.49,4.45,3.15,0.09,-1.35,both,both,-6.114424733512957
0.09680791068819183,2017-10,2.26,-1.93,0.13,0.09,4.21,both,both,9.590791068819183
0.02027776588226704,2017-11,3.12,-0.6,-0.09,0.08,-0.94,both,both,1.947776588226704
-0.01524578544454247,2017-12,1.06,-1.32,0.05,0.09,-1.55,both,both,-1.614578544454247
-0.01063644516446327,2018-01,5.58,-3.16,-1.32,0.11,4.08,both,both,-1.1736445164463272
0.06818496151825193,2018-02,-3.64,0.27,-1.1,0.11,3.68,both,both,6.708496151825193
-0.05805072794833055,2018-03,-2.35,4.05,-0.21,0.12,-1.2,both,both,-5.9250727948330555
-0.015019716823252982,2018-04,0.27,1.09,0.53,0.14,0.45,both,both,-1.6419716823252983
0.13512418675913618,2018-05,2.66,5.24,-3.14,0.14,3.91,both,both,13.372418675913618
-0.009418500371380478,2018-06,0.49,1.11,-2.33,0.14,-2.26,both,both,-1.081850037138048
0.027983544997525645,2018-07,3.2,-2.23,0.49,0.16,-1.43,both,both,2.6383544997525643
0.2004222981308752,2018-08,3.45,1.14,-3.91,0.16,5.3,both,both,19.88222981308752
-0.008303321023637955,2018-09,0.06,-2.29,-1.62,0.15,-0.08,both,both,-0.9803321023637955
-0.03047746169858845,2018-10,-7.65,-4.7,3.38,0.19,-2.06,both,both,-3.237746169858845
-0.1811974893677626,2018-11,1.71,-0.73,0.36,0.18,-1.4,both,both,-18.299748936776258
-0.11669849696700585,2018-12,-9.55,-2.31,-1.92,0.19,1.76,both,both,-11.859849696700584
0.05515419170328073,2019-01,8.37,2.76,-0.39,0.21,-8.62,both,both,5.305419170328073
0.04477632701509693,2019-02,3.42,2.05,-2.66,0.18,0.5,both,both,4.297632701509693
0.09702571942951566,2019-03,1.1,-3.03,-4.14,0.19,2.24,both,both,9.512571942951565
0.05643595448269645,2019-04,3.97,-1.74,2.13,0.21,-2.91,both,both,5.433595448269645
-0.12421289294322868,2019-05,-6.92,-1.26,-2.45,0.21,7.55,both,both,-12.631289294322869
0.1305192214970543,2019-06,6.99,0.11,-0.64,0.18,-2.24,both,both,12.87192214970543
0.07639457956217943,2019-07,1.23,-1.96,0.5,0.19,2.92,both,both,7.449457956217943
-0.016461177361829504,2019-08,-2.55,-2.39,-4.77,0.16,7.51,both,both,-1.8061177361829504
0.07296163503937625,2019-09,1.41,-0.97,6.76,0.18,-6.74,both,both,7.116163503937625
0.11068404554368771,2019-10,2.07,0.27,-1.92,0.15,0.13,both,both,10.918404554368772
0.07755418762391941,2019-11,3.87,0.72,-2.0,0.12,-2.63,both,both,7.635418762391941
0.09878404698664633,2019-12,2.77,0.76,1.73,0.14,-2.22,both,both,9.738404698664633
0.054009994766680336,2020-01,-0.11,-3.1,-6.22,0.13,6.02,both,both,5.270999476668034
-0.1147015576308682,2020-02,-8.15,1.08,-3.82,0.12,-0.28,both,both,-11.59015576308682
-0.06976138017577771,2020-03,-13.37,-4.69,-13.83,0.12,8.21,both,both,-7.096138017577771
0.15537366371567463,2020-04,13.6,2.5,-1.34,0.0,-5.48,both,both,15.537366371567462
0.08509394595380737,2020-05,5.57,2.4,-5.0,0.01,0.16,both,both,8.499394595380737
0.14738631337036878,2020-06,2.45,2.67,-2.17,0.01,-0.83,both,both,14.728631337036878
0.16513187180057876,2020-07,5.83,-2.35,-1.44,0.01,7.71,both,both,16.503187180057875
0.21656936616211597,2020-08,7.62,-0.2,-3.02,0.01,0.46,both,both,21.646936616211594
-0.10252650301602861,2020-09,-3.64,0.06,-2.72,0.01,3.19,both,both,-10.26265030160286
-0.060011968489091294,2020-10,-2.08,4.34,4.25,0.01,-3.14,both,both,-6.01119684890913
0.09549332384012299,2020-11,12.45,5.81,2.09,0.01,-12.55,both,both,9.5393323840123
0.11457349013807883,2020-12,4.63,5.01,-1.68,0.01,-2.37,both,both,11.447349013807882
-0.005501209255315276,2021-01,-0.07,7.14,3.22,0.0,4.31,both,both,-0.5501209255315276
-0.07971222667133016,2021-02,2.81,2.02,7.2,0.0,-7.96,both,both,-7.9712226671330155
0.007339537688330511,2021-03,3.17,-2.33,7.35,0.0,-6.16,both,both,0.7339537688330511
0.07621779248290794,2021-04,4.95,-3.19,-1.02,0.0,1.23,both,both,7.621779248290794
-0.05049703582028775,2021-05,0.3,-0.2,7.04,0.0,0.56,both,both,-5.049703582028775
0.0991092746537987,2021-06,2.74,1.7,-7.86,0.0,2.07,both,both,9.91092746537987
0.06498270868305633,2021-07,1.34,-3.93,-1.79,0.0,-2.18,both,both,6.498270868305633
0.04248897398348417,2021-08,2.94,-0.32,-0.23,0.0,2.63,both,both,4.248897398348417
-0.06803672692697149,2021-09,-4.4,0.66,5.12,0.0,1.39,both,both,-6.803672692697149
0.05865730111683165,2021-10,6.63,-2.26,-0.53,0.0,3.32,both,both,5.865730111683165
0.10508159530672811,2021-11,-1.58,-1.31,-0.37,0.0,0.96,both,both,10.508159530672811
0.07422877450974386,2021-12,3.23,-1.63,3.25,0.01,-2.39,both,both,7.412877450974386
-0.01571207272507369,2022-01,-6.16,-5.93,12.86,0.0,-2.42,both,both,-1.571207272507369
-0.054066143321961246,2022-02,-2.28,2.16,3.06,0.0,1.64,both,both,-5.406614332196124
0.05747375359242235,2022-03,3.08,-1.55,-1.9,0.0,2.92,both,both,5.747375359242235
-0.09713076447182944,2022-04,-9.41,-1.35,6.18,0.0,5.0,both,both,-9.713076447182944
-0.054496082540973934,2022-05,-0.34,-1.84,8.44,0.03,2.53,both,both,-5.479608254097394
-0.08142969233419028,2022-06,-8.4,2.07,-6.0,0.06,1.09,both,both,-8.20296923341903
0.18863342743127198,2022-07,9.57,2.84,-4.15,0.08,-4.36,both,both,18.7833427431272
-0.031207875053181455,2022-08,-3.77,1.41,0.18,0.19,1.98,both,both,-3.3107875053181455
-0.12097686220289305,2022-09,-9.34,-0.76,0.03,0.19,3.71,both,both,-12.287686220289304
0.10955111214784452,2022-10,7.85,0.01,7.97,0.23,3.91,both,both,10.725111214784452
-0.03302736930539352,2022-11,4.65,-3.57,1.48,0.29,-1.72,both,both,-3.5927369305393517
-0.1222725981430679,2022-12,-6.38,-0.76,1.34,0.33,4.97,both,both,-12.557259814306791
0.11052105199293338,2023-01,6.61,5.01,-3.94,0.35,-16.21,both,both,10.702105199293339
0.023183190611262727,2023-02,-2.57,1.05,-0.8,0.34,0.54,both,both,1.9783190611262726
0.11864830778328339,2023-03,2.48,-5.48,-9.05,0.36,-2.35,both,both,11.50483077832834
0.028987327904036908,2023-04,0.62,-3.37,-0.12,0.35,1.75,both,both,2.5487327904036907
0.046058357308506714,2023-05,0.34,1.6,-7.79,0.36,-0.86,both,both,4.245835730850671
0.09432999733930547,2023-06,6.46,1.49,-0.13,0.4,-2.72,both,both,9.032999733930547
0.012785543512630726,2023-07,3.21,2.14,4.02,0.45,-3.97,both,both,0.8285543512630726
-0.04238379383503443,2023-08,-2.36,-3.04,-1.29,0.45,3.75,both,both,-4.6883793835034435
-0.08867835902731791,2023-09,-5.23,-2.47,1.47,0.43,0.3,both,both,-9.29783590273179
-0.002569801323690446,2023-10,-3.15,-3.86,0.21,0.47,1.69,both,both,-0.7269801323690446
0.11378015809246667,2023-11,8.88,-0.14,1.78,0.44,2.53,both,both,10.938015809246666
0.01358248943414897,2023-12,4.85,6.28,4.94,0.43,-5.55,both,both,0.928248943414897
-0.04222733426517111,2024-01,0.73,-5.05,-2.36,0.47,5.22,both,both,-4.692733426517111
-0.018542918890420812,2024-02,5.07,-0.22,-3.47,0.42,4.93,both,both,-2.274291889042081
-0.05128643045976744,2024-03,2.84,-2.48,4.14,0.43,-0.31,both,both,-5.558643045976744
-0.006706326908676119,2024-04,-4.65,-2.37,-0.5,0.47,-0.45,both,both,-1.1406326908676119
0.13022243254321197,2024-05,4.33,0.56,-1.35,0.44,-0.22,both,both,12.582243254321197
0.09555239917336311,2024-06,2.8,-3.02,-3.31,0.41,0.86,both,both,9.145239917336312
0.05441089898695228,2024-07,1.22,6.79,5.6,0.45,-2.35,both,both,4.991089898695228
0.03235346666165828,2024-08,1.6,-3.5,-1.1,0.48,4.86,both,both,2.755346666165828
0.017467349459367787,2024-09,1.72,-0.12,-2.77,0.4,-0.56,both,both,1.3467349459367788
-0.030429248668191744,2024-10,-1.0,-0.96,0.89,0.39,2.94,both,both,-3.4329248668191745
0.051706901337515765,2024-11,6.49,4.54,0.29,0.4,1.01,both,both,4.770690133751576
0.055155265806685616,2024-12,-3.17,-2.7,-2.98,0.37,-0.4,both,both,5.1455265806685615
-0.057583163798182624,2025-01,2.8,-1.95,1.66,0.37,0.99,both,both,-6.128316379818263
0.02587233415675949,2025-02,-2.44,-5.78,4.88,0.33,-0.85,both,both,2.257233415675949
-0.08150014949966133,2025-03,-6.39,-2.74,2.94,0.34,-2.7,both,both,-8.490014949966133
-0.04335288516391511,2025-04,-0.84,-0.54,-3.36,0.35,5.02,both,both,-4.685288516391511
-0.05358413836972298,2025-05,6.06,0.67,-2.96,0.38,2.17,both,both,-5.738413836972298
0.021508528939144567,2025-06,4.86,0.8,-1.66,0.34,-2.73,both,both,1.8108528939144566
0.01169777571499142,2025-07,1.98,0.3,-1.32,0.34,-0.95,both,both,0.829777571499142
0.11963883684740928,2025-08,1.84,3.8,4.46,0.38,-3.6,both,both,11.583883684740927
0.0968812192629327,2025-09,3.39,-1.9,-0.94,0.33,4.63,both,both,9.35812192629327
0.06181508747860254,2025-10,1.96,-0.82,-2.8,0.37,0.33,both,both,5.811508747860254
0.03236429041178379,2025-11,-0.13,0.54,3.57,0.3,-1.79,both,both,2.9364290411783793
-0.025067288626873463,2025-12,-0.36,-1.03,2.36,0.34,-2.33,both,both,-2.846728862687346
-0.045537972790174464,2026-01,1.03,2.12,3.85,0.3,4.99,both,both,-4.853797279017447
0.019065677185734042,2026-02,-1.17,0.24,2.64,0.28,1.26,both,both,1.6265677185734042
-0.039329287398935486,2026-03,-5.18,0.44,3.35,0.29,1.54,both,both,-4.222928739893549
